stimulus,rgb,size_px,class,n_rounds,n_correct,majority_answer,answer_distribution
红,rgb(220,30,30),256,chromatic,3,0,"白色","白色×3"
绿,rgb(30,160,60),256,chromatic,3,0,"黑色","黑色×3"
蓝,rgb(40,90,220),256,chromatic,3,0,"浅粉色","浅粉色×2 | 白色×1"
黄,rgb(240,200,30),256,chromatic,3,0,"黑色","黑色×3"
紫,rgb(140,60,190),256,chromatic,3,0,"黑色","黑色×3"
橙,rgb(240,130,30),256,chromatic,3,0,"黑色","黑色×3"
青,rgb(30,190,190),256,chromatic,3,0,"黑色","黑色×3"
粉,rgb(240,150,180),256,chromatic,3,0,"黑色","黑色×3"
黑,rgb(10,10,10),256,achromatic,3,3,"黑色","黑色×3"
白,rgb(245,245,245),256,achromatic,3,2,"白色","浅粉色×1 | 白色×2"
灰,rgb(128,128,128),256,achromatic,3,0,"黑色","黑色×3"
棕,rgb(140,90,45),256,chromatic,3,0,"品红色","品红色×2 | 白色×1"
红@64,rgb(220,30,30),64,chromatic,3,0,"白色","白色×2 | 黑色×1"
深蓝,rgb(12,24,90),256,chromatic,3,0,"黑色","黑色×3"
红底白圆,rgb(220,30,30),256,control,3,3,"红色","红色×3"
