"round","stimulus","rgb","size_px","class","model_answer","correct","latency_ms","input_tokens","output_tokens"
"1","红","rgb(220,30,30)","256","chromatic","白色","0","2958","113","2"
"1","绿","rgb(30,160,60)","256","chromatic","黑色","0","1313","113","2"
"1","蓝","rgb(40,90,220)","256","chromatic","浅粉色","0","1324","113","3"
"1","黄","rgb(240,200,30)","256","chromatic","黑色","0","1283","113","2"
"1","紫","rgb(140,60,190)","256","chromatic","黑色","0","1275","113","2"
"1","橙","rgb(240,130,30)","256","chromatic","黑色","0","1116","113","2"
"1","青","rgb(30,190,190)","256","chromatic","黑色","0","1632","113","2"
"1","粉","rgb(240,150,180)","256","chromatic","黑色","0","1212","113","2"
"1","黑","rgb(10,10,10)","256","achromatic","黑色","1","1292","113","2"
"1","白","rgb(245,245,245)","256","achromatic","浅粉色","0","1298","113","3"
"1","灰","rgb(128,128,128)","256","achromatic","黑色","0","1225","113","2"
"1","棕","rgb(140,90,45)","256","chromatic","品红色","0","1221","113","3"
"1","红@64","rgb(220,30,30)","64","chromatic","白色","0","1192","96","2"
"1","深蓝","rgb(12,24,90)","256","chromatic","黑色","0","1248","113","2"
"1","红底白圆","rgb(220,30,30)","256","control","红色","1","1174","113","2"
"2","红","rgb(220,30,30)","256","chromatic","白色","0","1425","113","2"
"2","绿","rgb(30,160,60)","256","chromatic","黑色","0","1353","113","2"
"2","蓝","rgb(40,90,220)","256","chromatic","白色","0","1321","113","2"
"2","黄","rgb(240,200,30)","256","chromatic","黑色","0","3477","113","2"
"2","紫","rgb(140,60,190)","256","chromatic","黑色","0","1339","113","2"
"2","橙","rgb(240,130,30)","256","chromatic","黑色","0","1460","113","2"
"2","青","rgb(30,190,190)","256","chromatic","黑色","0","1720","113","2"
"2","粉","rgb(240,150,180)","256","chromatic","黑色","0","1279","113","2"
"2","黑","rgb(10,10,10)","256","achromatic","黑色","1","1276","113","2"
"2","白","rgb(245,245,245)","256","achromatic","白色","1","1238","113","2"
"2","灰","rgb(128,128,128)","256","achromatic","黑色","0","1218","113","2"
"2","棕","rgb(140,90,45)","256","chromatic","品红色","0","1272","113","3"
"2","红@64","rgb(220,30,30)","64","chromatic","黑色","0","1277","96","2"
"2","深蓝","rgb(12,24,90)","256","chromatic","黑色","0","1273","113","2"
"2","红底白圆","rgb(220,30,30)","256","control","红色","1","1306","113","2"
"3","红","rgb(220,30,30)","256","chromatic","白色","0","1252","113","2"
"3","绿","rgb(30,160,60)","256","chromatic","黑色","0","1328","113","2"
"3","蓝","rgb(40,90,220)","256","chromatic","浅粉色","0","2390","113","3"
"3","黄","rgb(240,200,30)","256","chromatic","黑色","0","1606","113","2"
"3","紫","rgb(140,60,190)","256","chromatic","黑色","0","1107","113","2"
"3","橙","rgb(240,130,30)","256","chromatic","黑色","0","1181","113","2"
"3","青","rgb(30,190,190)","256","chromatic","黑色","0","1268","113","2"
"3","粉","rgb(240,150,180)","256","chromatic","黑色","0","1157","113","2"
"3","黑","rgb(10,10,10)","256","achromatic","黑色","1","1102","113","2"
"3","白","rgb(245,245,245)","256","achromatic","白色","1","2185","113","2"
"3","灰","rgb(128,128,128)","256","achromatic","黑色","0","1289","113","2"
"3","棕","rgb(140,90,45)","256","chromatic","白色","0","672","113","2"
"3","红@64","rgb(220,30,30)","64","chromatic","白色","0","3955","96","2"
"3","深蓝","rgb(12,24,90)","256","chromatic","黑色","0","1096","113","2"
"3","红底白圆","rgb(220,30,30)","256","control","红色","1","1078","113","2"
